subscription_id,customer_id,start_date,end_date,status,mrr
sub_830e7df16ae0,cus_1a454976bb1d,2026-02-12,,active,12.0
sub_32d306e57997,cus_065d59e33ab9,2025-10-31,,active,12.0
sub_b5f2d16ccbf1,cus_a698ff6a363e,2026-01-14,,active,15.0
sub_0f8592616bce,cus_988774fcfc9f,2025-12-19,,active,12.0
sub_aaa088fc6235,cus_8567fe5f8242,2026-01-22,,active,15.0
sub_c88d595844a9,cus_7370cd24d893,2025-12-14,2026-03-09,canceled,15.0
sub_a61b0a78daf8,cus_db6f38335ff4,2025-01-06,,active,12.0
sub_2957e6654553,cus_504cb6de696e,2025-11-27,,active,12.0
sub_dab27102ad7d,cus_b8afffc3f058,2025-11-16,,active,12.0
sub_b8e9f9fd8b17,cus_7fc307eef8f2,2025-08-22,,active,12.0
sub_aa4e056dfc4b,cus_a7ead28105a1,2026-02-14,,active,15.0
sub_8726c83ab15b,cus_aa370f85040d,2025-07-23,,active,12.0
sub_bd162c461ed6,cus_707053802498,2025-11-16,,active,15.0
sub_de8d653cd5ee,cus_5a35fd80eef5,2025-12-04,,active,15.0
sub_9c1744190c92,cus_e154df84f40d,2026-01-24,,active,12.0
sub_038824a7cdba,cus_6c8600aa4148,2025-12-20,2026-01-20,canceled,12.0
sub_9ee593950c0b,cus_e5799ffa9e13,2025-11-08,,active,12.0
sub_0dbbb998ed5d,cus_3833779200d8,2025-05-22,,active,12.0
sub_d465c459c264,cus_84e229a24fd3,2026-01-15,,active,15.0
sub_aaa7a372bac8,cus_4d9b7eb94a9f,2025-11-11,,active,12.0
sub_aec23dd07adb,cus_16a6a96d6c25,2025-11-30,,active,15.0
sub_f03496078173,cus_293fecb821ba,2025-12-14,,active,12.0
sub_73958bff2dc6,cus_d63519c04e15,2025-11-28,,active,15.0
sub_3acb2516316a,cus_a398f0893399,2026-02-01,,active,12.0
sub_806bf6117780,cus_c6ada9f0c0e1,2026-01-17,,active,20.0
sub_51a77ed23b90,cus_4c9e14c90360,2025-11-16,,active,60.0
sub_7aac8efb7128,cus_26edf5d5e4e7,2025-12-30,,active,12.0
sub_01d30c2dcf49,cus_baad4c4fdd58,2025-09-24,,active,12.0
sub_6477314efa5f,cus_db2ca0cef178,2025-12-24,,active,15.0
sub_24af34a36e29,cus_18abaab73563,2026-01-17,2026-04-26,canceled,12.0
sub_f05288bb33e6,cus_d9dac48dc772,2025-11-24,,active,90.0
sub_a333b75c772b,cus_a0fb56482117,2025-11-23,,active,12.0
sub_70da0aa7f1ac,cus_8f01ec25f497,2026-01-04,,active,12.0
sub_51e6bf46d51e,cus_4af9c532fa44,2025-08-24,,active,45.0
sub_a57c7c3fb1cc,cus_14d717374e0a,2026-02-06,2026-03-01,canceled,60.0
sub_98475715907b,cus_97b583c47dab,2025-07-05,,active,60.0
sub_bc1896a02c69,cus_2cb43be314d4,2026-01-26,,active,12.0
sub_bf3a20cf0c0a,cus_ca3e8122e898,2025-08-01,,active,12.0
sub_da18533793e8,cus_47030cd200f8,2026-01-08,,active,12.0
sub_67a282dbcd89,cus_f01075450950,2025-11-21,,active,15.0
sub_bbb28c340e9d,cus_4c7c2d2ee594,2026-02-14,,active,15.0
sub_916f4d9e25f6,cus_9829343c1f9a,2025-11-15,,active,20.0
sub_8517a108f05d,cus_327fa40364da,2025-12-19,,active,15.0
sub_0e9b0e991be2,cus_fe8fa5a3e071,2026-01-22,,active,45.0
sub_af4590ceaf1f,cus_cf66dff2064e,2025-10-31,,active,45.0
sub_cf27534bfd3d,cus_024ac83ee436,2025-12-16,2026-02-09,canceled,15.0
sub_504b56ada380,cus_cf85d3c22b50,2025-12-16,,active,15.0
sub_84bc6080715a,cus_3a78dfb49efb,2026-01-05,2026-06-09,canceled,15.0
sub_b23d3926641f,cus_eceac8db19eb,2025-11-21,,active,12.0
sub_90be73ca9b5e,cus_4484a7c1d13b,2025-10-17,,active,15.0
sub_badb29755ccf,cus_b65cb06c50b5,2025-05-10,2025-07-05,canceled,20.0
sub_123dbfb0bcde,cus_bcc91850ceae,2025-08-15,,active,20.0
sub_581d322d713b,cus_d514323cfe22,2025-10-10,,active,12.0
sub_5057a8f110c7,cus_04211eeafd9b,2025-12-22,,active,12.0
sub_ac830f43eed7,cus_c24cb40fcca4,2025-09-13,,active,15.0
sub_da2b000d5f3c,cus_c8ef06c244cb,2026-01-07,,active,60.0
sub_94eafcafe5dd,cus_6948a45d9b4a,2026-01-13,,active,15.0
sub_b3378b0ef399,cus_e7d76c958737,2025-10-18,,active,12.0
sub_ecb56b6a0820,cus_637bced997ea,2025-12-21,,active,12.0
sub_08bfa1e90ae5,cus_64ad4df23b01,2026-02-12,,active,15.0
sub_5b7358529430,cus_1952bf5e57b9,2026-01-14,,active,45.0
sub_aa5a6a141d50,cus_a16b8d849f47,2025-07-25,,active,12.0
sub_2c58e7fb0f80,cus_e2b2b4c488cd,2026-01-30,,active,12.0
sub_a39a85e00876,cus_743c2af69545,2025-11-23,,active,20.0
sub_8e2a0488a1b5,cus_89bfee1db571,2025-12-09,,active,60.0
sub_0aeda6dc50c9,cus_1670b849f62a,2026-02-07,,active,20.0
sub_73f6e0d46ffe,cus_bdfba803fa7a,2025-05-27,,active,15.0
sub_2df8d599db5c,cus_ba1446081441,2025-12-09,,active,15.0
sub_69ba4d0455b0,cus_3eabb1d7bc41,2026-01-14,,active,12.0
sub_3287d70be0e5,cus_16925d416a27,2025-11-14,,active,60.0
sub_e01cf45ae278,cus_5fda5bed85e8,2025-06-30,,active,15.0
sub_64efd6a89c2b,cus_359c85c650e5,2026-01-09,,active,20.0
sub_7f95aeb6e4bc,cus_00866582e8b4,2024-10-20,,active,20.0
sub_1211d62fa5f4,cus_56c18c6aed19,2025-08-17,,active,15.0
sub_d360515fd4bb,cus_d4d250077502,2025-10-08,,active,15.0
sub_fe5c83dada3c,cus_7dddfd34ac99,2025-05-11,,active,60.0
sub_40bfbc19af81,cus_0eb6767f6b72,2025-03-21,,active,20.0
sub_76cc4617f9f7,cus_8782b10c5856,2025-12-31,,active,12.0
sub_92af721b6c17,cus_2a4b5c74af5a,2026-01-02,,active,15.0
sub_86a67edc2606,cus_c866dfebfa38,2024-10-25,,active,12.0
sub_8a59298b0350,cus_7ee75cd30b4e,2025-11-30,,active,45.0
sub_d9e1c912754b,cus_c4745efb30bb,2026-01-11,,active,90.0
sub_6d90e97f1ffc,cus_abaa1dcaeb8b,2026-02-03,,active,12.0
sub_3741f09abb4a,cus_1928f300588c,2025-11-20,,active,20.0
sub_5b804070929a,cus_59a1e4227a42,2024-11-30,2024-12-18,canceled,12.0
sub_14feccd7e2a4,cus_a582240a3f91,2025-09-23,,active,12.0
sub_e20af05c83c2,cus_fff33e97b739,2026-01-26,,active,20.0
sub_8718aeefa874,cus_b334085c37ed,2026-01-21,,active,12.0
sub_2810833d2237,cus_7160fdc973bd,2026-01-08,,active,20.0
sub_d61bdd056784,cus_ad9c408c597f,2025-07-17,,active,15.0
sub_af511bf8b991,cus_9c520d9d34bb,2026-01-25,2026-02-05,canceled,15.0
sub_020402ebd632,cus_8fee3ce21f97,2025-10-16,,active,12.0
sub_371343b77662,cus_29fd829d55af,2026-01-15,,active,12.0
sub_f66f10aa6992,cus_b429fc85c2b1,2026-02-08,,active,12.0
sub_e4e2be357801,cus_d7ebd9ebc9b5,2025-09-17,2026-03-22,canceled,15.0
sub_8d4c5a4dbf4b,cus_e1339191670c,2025-11-25,2026-03-23,canceled,12.0
sub_a35950d8db57,cus_d5118c64391a,2025-08-15,2025-10-19,canceled,15.0
sub_8be9b1836fc2,cus_3d333497c977,2026-02-11,,active,12.0
sub_942c34f335c0,cus_d7b577d022e3,2026-01-27,,active,12.0
sub_ee0d8457247c,cus_75c9b2360e43,2025-12-15,,active,15.0
sub_ed6f202404d7,cus_5b02dd282f5f,2025-11-16,,active,12.0
sub_a5a437111765,cus_150b74423760,2025-11-16,,active,60.0
sub_07b85470da07,cus_a7736136df3a,2025-09-17,,active,45.0
sub_b9a851700998,cus_2638902172e2,2026-02-06,,active,45.0
sub_76f96bc70c4e,cus_749881e8e640,2025-09-17,,active,60.0
sub_2f2e85913ec9,cus_218f9a879a33,2025-12-03,,active,15.0
sub_f5943afb2a7c,cus_c0a292ee141b,2025-09-18,,active,90.0
sub_fe1d8704f631,cus_3c5e5ab9a51a,2025-12-30,,active,12.0
sub_6467ababed81,cus_1df32f4d5714,2026-01-04,,active,12.0
sub_c1ef3afa6862,cus_b97c1fd6d4ed,2026-02-12,,active,60.0
sub_f1d10e6001c7,cus_a63f1354ebca,2025-01-26,,active,12.0
sub_cbc06a4ad9ce,cus_4cd40b92373f,2025-11-08,,active,20.0
sub_b807b32b9801,cus_a9b064aabf2f,2025-10-12,,active,15.0
sub_c5578380680b,cus_18dc175abde1,2026-02-02,,active,20.0
sub_03de34c1e846,cus_192d0c5fa374,2025-05-30,,active,12.0
sub_fc2a7158bd6e,cus_8cb9efa0633e,2026-01-13,,active,60.0
sub_fc256dd83b88,cus_27d9b6aaecb0,2024-07-09,,active,15.0
sub_6d346435d138,cus_bd944a9bf4db,2025-10-15,,active,45.0
sub_ecc15f07ef84,cus_a0a7de404687,2026-01-13,2026-02-03,canceled,15.0
sub_1731b2124fa7,cus_0db67fd261bf,2026-02-15,,active,20.0
sub_99e1716d64d0,cus_c83eb2fcbb25,2025-02-27,,active,12.0
sub_4daf2a0efd1f,cus_9415cb1d0f65,2025-12-11,,active,12.0
sub_44fd716b68d2,cus_b1487178b86a,2025-10-28,,active,15.0
sub_ff8222268904,cus_586427043bae,2025-11-08,2026-04-17,canceled,12.0
sub_46e1bba552c1,cus_ab34c0eeebc7,2026-01-03,,active,12.0
sub_8ee5001a0581,cus_f1f61351e12f,2026-01-10,,active,15.0
sub_fc1aea1ea851,cus_a48acbbeddd5,2025-11-10,,active,20.0
sub_096369871a30,cus_618d4da53970,2026-01-29,2026-06-07,canceled,12.0
sub_e7e04872eabb,cus_38dd8e0a87fe,2025-12-20,,active,15.0
sub_844a364fb919,cus_17167b7454c2,2026-01-29,2026-04-05,canceled,15.0
sub_a3436a530f69,cus_3d9d85e131d8,2026-01-02,,active,45.0
sub_60b412217355,cus_0e8d9c73ca11,2025-12-07,,active,12.0
sub_0f7c69d16aed,cus_f5d7bf2bdff9,2025-07-25,,active,15.0
sub_c54277613644,cus_491295fe2d28,2025-06-07,,active,15.0
sub_da600124f58d,cus_674c4abdb9e1,2025-09-21,,active,20.0
sub_03574590be86,cus_03237f0d3c30,2026-01-06,,active,15.0
sub_3cf25d49ee89,cus_d610c689c4aa,2026-01-11,,active,15.0
sub_a2a9c2dd631a,cus_3041a5737452,2025-09-20,,active,15.0
sub_5eaf37acc1b2,cus_92f66fe4caab,2025-07-11,,active,20.0
sub_d488ac84b457,cus_590562e7de41,2026-01-08,,active,15.0
sub_b4b94097bc09,cus_3c278f8f131f,2025-12-31,,active,15.0
sub_ab116d39d2cc,cus_ca58c06f11a6,2025-08-29,,active,12.0
sub_997df07f2d91,cus_062817254aa8,2026-02-07,2026-03-03,canceled,45.0
sub_332157827b2c,cus_cc8473712394,2025-12-20,,active,15.0
sub_15b533621a17,cus_15d5fe9d1d9d,2025-07-14,,active,12.0
sub_f9c5e7d00ad2,cus_ecb94d98cfcd,2026-01-29,2026-03-09,canceled,20.0
sub_7a584f8f3d14,cus_a1c69625482c,2025-10-29,,active,15.0
sub_c1ce8fa1f473,cus_9b0bb1067723,2025-06-27,,active,12.0
sub_389c6bf4f5b6,cus_bb209f20b1f3,2025-12-03,,active,12.0
sub_561f9817e0b5,cus_851cb92a12cf,2026-02-10,,active,12.0
sub_29ee7dc46a5c,cus_8c9a7561785e,2025-07-27,,active,90.0
sub_74ae4ead9bf1,cus_8cd051318293,2025-06-28,,active,15.0
sub_d93fa7849c8e,cus_3657d4327100,2026-01-05,,active,15.0
sub_9dc8d2e4472b,cus_f6eb16c057d0,2025-12-08,,active,15.0
sub_8ecf3fd82c05,cus_af1a1607b9a7,2026-01-11,,active,12.0
sub_4ace840fa419,cus_8cb7144b2301,2026-01-28,,active,60.0
sub_9ddef0522ab2,cus_85823eb8a5e3,2025-11-02,,active,15.0
sub_0f714f77cfa9,cus_30c647edf641,2026-01-09,,active,12.0
sub_f063c511390f,cus_7dd8b8e53823,2025-11-17,,active,15.0
sub_41f3ed26aaf1,cus_ae0de33fbb60,2025-11-09,,active,45.0
sub_0204d0a60c3c,cus_b49100d4d805,2025-10-22,,active,15.0
sub_f29656862c99,cus_2d1f7737d378,2025-11-15,2026-03-20,canceled,12.0
sub_a6609a4c60fe,cus_1d8a4ae107ed,2026-01-31,,active,12.0
sub_c44438983a25,cus_6658847f8f8c,2025-11-03,,active,12.0
sub_a01a306a5ac0,cus_a0a403f5ad02,2026-02-10,,active,15.0
sub_f26297ce20fc,cus_0cbb65973e2e,2025-12-27,,active,12.0
sub_3d036b9c74d3,cus_e6c580a2e796,2025-07-23,,active,12.0
sub_f114a9af0a64,cus_c47ad856fb82,2025-04-23,,active,45.0
sub_767008e01c8a,cus_448123f0821c,2025-10-24,2025-11-23,canceled,15.0
sub_33c0242dbf01,cus_7e35838ccb32,2025-11-04,2026-01-26,canceled,12.0
sub_78a8ed0b0e6e,cus_c6df25a10fad,2025-12-26,2026-02-04,canceled,12.0
sub_ddfc122921e1,cus_ef6c829d9b74,2026-01-15,,active,15.0
sub_d89468393da7,cus_d640f4dbf073,2025-06-29,2025-10-26,canceled,12.0
sub_54687585c695,cus_6c029ca9919c,2025-11-05,,active,15.0
sub_1b2a520b30bd,cus_9ed216d00fd6,2026-01-07,,active,15.0
sub_39323514cda5,cus_25aea1e6ebb9,2025-12-27,2026-02-27,canceled,15.0
sub_6b6eea7aa1b3,cus_15820b358c75,2025-11-09,,active,12.0
sub_f485097d6d71,cus_5113626a937d,2026-02-05,,active,12.0
sub_bdaced35cbb9,cus_92bdd42c168f,2025-12-18,,active,45.0
sub_321c9677e81f,cus_1aa08816a66c,2025-12-23,,active,15.0
sub_71ee31759cb7,cus_abfb57bae7c7,2026-01-08,2026-02-05,canceled,12.0
sub_ce4437297800,cus_dd4740c27cf1,2026-01-02,,active,12.0
sub_e88a03b1ebab,cus_c5482c5b0c7c,2025-12-11,,active,15.0
sub_5bb55a95274d,cus_d3f870798b25,2025-11-05,2026-01-12,canceled,15.0
sub_91d5e03edc7b,cus_2407752ad17d,2026-02-05,,active,12.0
sub_3f8fe856b3db,cus_7921df219bcc,2025-09-27,2026-04-10,canceled,45.0
sub_c556a97e86d9,cus_d6ef1f77da2a,2026-02-04,,active,12.0
sub_013789985418,cus_76954efcb196,2025-10-18,,active,12.0
sub_54c825debb9a,cus_cde2a4c9ea26,2026-01-12,,active,12.0
sub_671793031e75,cus_1da65bbf20be,2026-01-06,2026-09-11,canceled,20.0
sub_c8238da9eeff,cus_25225392149f,2025-09-02,,active,15.0
sub_23b42cdb75f9,cus_5baeb5f9ff47,2025-01-19,2025-05-17,canceled,12.0
sub_b3dccaf9e298,cus_eda93e1614de,2025-11-27,,active,45.0
sub_413232ebacf2,cus_0b7a2d424f78,2026-02-10,2026-04-09,canceled,15.0
sub_ed1dc86a118d,cus_0b62bc8b8508,2025-12-09,,active,15.0
sub_66be8db9c92e,cus_aabdff489710,2025-08-01,2025-08-11,canceled,12.0
sub_d9e062ffca3d,cus_fe75cb7194fd,2025-09-11,,active,60.0
sub_b945d33a1ea6,cus_bd4a44f743cc,2025-11-28,,active,12.0
sub_43ddc0eca7b9,cus_bf9dbb0e98bc,2025-11-13,,active,15.0
sub_318930e551a5,cus_bd4ca43b8cc0,2024-11-02,,active,15.0
sub_71d892959eb1,cus_2cd439ffad17,2026-01-11,,active,45.0
sub_68df6c4db846,cus_8593eedc8a9a,2026-01-15,,active,45.0
sub_f04a677b1707,cus_c838d2bd0f75,2026-01-20,,active,45.0
sub_5f9b48af3eb9,cus_69679facdd23,2025-08-14,2025-12-09,canceled,15.0
sub_22da2d3b2e1a,cus_cd6e47f84da6,2026-02-11,,active,15.0
sub_e59c844ecf8d,cus_8ac6994ae688,2026-01-29,,active,20.0
sub_cb629fa781a3,cus_34fd6bba536e,2026-01-17,,active,45.0
sub_2a0397517a71,cus_d67c599d1883,2025-12-05,2026-02-09,canceled,15.0
sub_94b96eb90725,cus_a7d42996ca6c,2025-08-29,,active,45.0
sub_b803556259c0,cus_b70135094d0e,2025-03-22,,active,12.0
sub_b8c16dec0343,cus_9e82a0d9b2bb,2025-09-30,,active,12.0
sub_ba30f66d26c2,cus_5391bed2a6a6,2025-12-14,,active,15.0
sub_f6a5a35da59e,cus_8c53a3c32b1a,2026-02-01,,active,12.0
sub_001ccf676792,cus_cedb911913ee,2026-01-05,,active,15.0
sub_a5d1d537585f,cus_addec79c0fcd,2026-01-27,,active,12.0
sub_6dc30a03a648,cus_4e4710ce1827,2025-11-19,2026-06-01,canceled,15.0
sub_6604eb49a5e0,cus_784c613e3c5c,2025-12-13,,active,12.0
sub_56a954659573,cus_f0e44c3fb613,2025-10-01,,active,12.0
sub_c65d2450d6b9,cus_1e7f906e4b58,2025-07-28,,active,12.0
sub_4c7c949f8e53,cus_7c9923d6f7f3,2025-11-13,,active,15.0
sub_1dad2e3fd9cd,cus_e5cc4f87a2fc,2026-02-06,,active,15.0
sub_a6634ac8c81f,cus_bdc3d27a2ff1,2025-02-10,,active,12.0
sub_22dd0c3f3b21,cus_fd984cf888b3,2025-02-25,,active,12.0
sub_b426b65f7478,cus_44240df84fbc,2025-04-10,,active,12.0
sub_161f5fef4ee8,cus_a1bba838a11e,2025-11-18,,active,12.0
sub_99f1712ae540,cus_ec6c2f9be479,2025-07-25,2025-11-07,canceled,15.0
sub_dae48d79664a,cus_f89595150e41,2025-09-09,,active,12.0
sub_fc047286fe30,cus_368ca8720d6b,2025-09-28,,active,12.0
sub_b46473e43d77,cus_9062a13c1b5b,2025-10-05,,active,12.0
sub_909d3cb78305,cus_b5579d37a744,2025-12-15,,active,20.0
sub_fba9dbefa6e6,cus_0f7663a7a69a,2025-11-26,,active,15.0
sub_1152cafa14e2,cus_368a411dbdf9,2025-09-13,,active,60.0
sub_c203d076053e,cus_1cc302e58cd6,2026-01-14,,active,12.0
sub_77ef98ae41d9,cus_14a6eac35279,2025-11-07,2025-12-12,canceled,20.0
sub_b97eaf4b0dcc,cus_9001a05189cd,2025-07-28,,active,20.0
sub_a7a676728c83,cus_e6d8344e5ee2,2025-12-17,,active,12.0
sub_9db2e17050c9,cus_ebcf09590b8f,2025-03-01,,active,12.0
sub_0932bd758872,cus_b91ee959ba39,2025-12-27,,active,90.0
sub_08f2691c009c,cus_cccc19aedfb2,2026-02-10,,active,15.0
sub_720b333c7f4c,cus_dedf06e50093,2025-11-12,,active,12.0
sub_a1840926093f,cus_452e31e70bd7,2025-08-04,,active,12.0
sub_10299114dda3,cus_04021d69a6cc,2025-11-24,,active,12.0
sub_b5167d6152d1,cus_6e701bf6d7a9,2026-01-21,2026-07-11,canceled,15.0
sub_deda983051cb,cus_8a49ac227c69,2025-12-23,,active,15.0
sub_7da60c0c4342,cus_f07ca0316958,2026-01-17,,active,15.0
sub_7e3d698eebb8,cus_3aecd0a0ceb7,2026-01-26,,active,20.0
sub_bbae08195814,cus_938bda15778f,2026-01-11,,active,15.0
sub_ad278e5c3abc,cus_af5ff359657e,2026-01-27,,active,60.0
sub_fab944ab3d5b,cus_3922a44f506a,2026-01-23,,active,12.0
sub_8bf17185f225,cus_7c36aeae8b27,2025-06-29,,active,20.0
sub_bd21a11d4053,cus_4152c12938fb,2026-01-20,,active,12.0
sub_f82c0836ee8a,cus_274c5871019e,2026-01-08,,active,45.0
sub_a51c266b2002,cus_8a62ffbef04a,2026-01-07,,active,12.0
sub_3723f73774d5,cus_918728b4a672,2025-08-19,2025-08-28,canceled,60.0
sub_c6cbd554f39d,cus_82f1f6e3ee41,2025-08-25,,active,12.0
sub_4f2e60bc08a3,cus_034fb4afcf95,2025-12-19,,active,20.0
sub_2e3781c7899f,cus_ddcbd7d90ffd,2026-01-12,,active,12.0
sub_bab016714b31,cus_9de95d696cc1,2025-12-07,,active,12.0
sub_89cab4937e2f,cus_e4388054a589,2025-09-23,,active,12.0
sub_95354b010ae5,cus_f05feccd9bc6,2026-02-08,2026-05-11,canceled,12.0
sub_2c2f006f12e6,cus_a63891719104,2026-01-12,,active,15.0
sub_c1c49d7bd00b,cus_cea32d9fa417,2025-09-25,,active,45.0
sub_3c40f9c2ef83,cus_b0f02f7ff941,2025-06-04,2025-06-23,canceled,15.0
sub_c4aba56973c9,cus_1855b9836843,2026-01-22,,active,20.0
sub_696b0bd6a34d,cus_33eeb9aed378,2025-08-24,,active,15.0
sub_5b77cbd8c33a,cus_ba2667bf00a6,2025-10-01,,active,12.0
sub_4edb0f8176a0,cus_04f5a0146613,2025-05-03,2025-11-18,canceled,60.0
sub_08bb81dc8f36,cus_8417fdc2028c,2026-01-14,,active,12.0
sub_2457e1d27f6e,cus_2cf5f7785d9f,2025-05-22,,active,12.0
sub_28d9933f0217,cus_905892017a17,2025-12-31,,active,15.0
sub_428ffc9fd81d,cus_7869d10ec99c,2026-01-19,,active,12.0
sub_abbaf8ee1210,cus_7013e5793b22,2025-12-16,2026-02-16,canceled,20.0
sub_31c70864dc09,cus_ec41c71f8fe8,2026-01-06,,active,12.0
sub_494de6d4ab50,cus_83bfb38a131e,2026-02-08,,active,15.0
sub_84e0fa3a03d1,cus_2b2741f53189,2025-06-08,,active,12.0
sub_c758a5f24a70,cus_6b43549b39cd,2025-12-08,2026-03-22,canceled,12.0
sub_c4f127f6709f,cus_44474d8c4e89,2025-12-19,,active,12.0
sub_d765664cac3f,cus_c652dd016fec,2025-10-06,,active,12.0
sub_f48fc689b3f6,cus_8da8c0b7c1b7,2026-02-10,2026-02-23,canceled,60.0
sub_f2f5d4077af8,cus_2e3a380a4e86,2025-11-19,,active,90.0
sub_e190d276b30b,cus_5a127971a268,2026-01-21,,active,60.0
sub_57f3c39cc026,cus_1682a0500966,2026-01-30,,active,12.0
sub_ef134926f565,cus_7bcc7f21f059,2024-12-28,,active,12.0
sub_b367e4728332,cus_7826ae1ee728,2026-01-31,,active,12.0
sub_368becc4a7f1,cus_165e78780771,2025-10-20,,active,12.0
sub_5f0aaf3d61c5,cus_d19ab14e4662,2026-02-14,,active,60.0
sub_9da38fdaf70e,cus_c5dff8aadabc,2026-01-07,2026-02-02,canceled,12.0
sub_5d4617f5c144,cus_c5f3ee28c802,2026-01-27,,active,15.0
sub_743309f79093,cus_aba4c06801c4,2025-10-28,,active,15.0
sub_e4284c3cddb3,cus_4b64bafffa13,2025-07-13,,active,12.0
sub_fba1508cda28,cus_51991ee65bea,2025-11-01,,active,15.0
sub_e9898fd62880,cus_a5059ef8cc9b,2025-12-05,2026-05-02,canceled,12.0
sub_3af6c3ae979b,cus_eb78bd5aa305,2025-05-31,,active,20.0
sub_576d9b8075ed,cus_d78b4084f767,2026-02-06,,active,12.0
sub_41ea937a3da4,cus_2764c4a7603f,2025-11-29,2025-12-15,canceled,12.0
sub_aecdc26bdfba,cus_491331d112e9,2025-12-27,2026-03-13,canceled,15.0
sub_da7ee8610870,cus_f4fca3c0fca7,2026-02-04,,active,12.0
sub_ea4279453553,cus_1647e1e1fa0f,2026-02-14,,active,12.0
sub_9191eb89ff8b,cus_45630fe3c200,2026-01-18,,active,45.0
sub_ee548ffa194b,cus_4b5aa8ec1e7b,2026-02-01,,active,12.0
sub_16c99e2883a9,cus_2aba326c1eaf,2025-11-12,,active,20.0
sub_2bb855745a5f,cus_31b0d17cfc77,2025-10-29,,active,20.0
sub_8e51e69701f5,cus_c488aab105f4,2026-01-28,2026-03-17,canceled,15.0
sub_3dfd4f9b90da,cus_6d004761efb9,2025-09-09,,active,12.0
sub_c9471eaa9a91,cus_a362c4290a5e,2025-12-14,,active,12.0
sub_0c0f804cc1e6,cus_9a0f6a5219bf,2025-11-20,2026-01-25,canceled,45.0
sub_d84fdce65927,cus_7e5f06b74c5b,2025-01-16,,active,15.0
sub_c854e001bee6,cus_517fdb015ca0,2025-12-27,2026-05-21,canceled,60.0
sub_1eb8dc43c197,cus_6ee5f41ccafa,2025-11-06,,active,15.0
sub_bc4aa3850b6e,cus_734ce42acedf,2025-09-20,2026-01-02,canceled,20.0
sub_b4fcc8ca8b8e,cus_9dd64c3667cc,2025-12-23,,active,20.0
sub_73081024b61c,cus_7e25829d1d2e,2024-09-17,,active,90.0
sub_34df8857d55e,cus_df5c8d893e34,2025-12-28,,active,12.0
sub_b2b76e76efa1,cus_73ce5aca0173,2025-12-24,,active,12.0
sub_c063ba8260fd,cus_d1752d478402,2025-12-05,,active,15.0
sub_7d020e9b7878,cus_7df7ea17ebff,2026-01-08,,active,60.0
sub_c8e4cc83893f,cus_1135a79d4e1a,2025-10-27,2025-12-24,canceled,15.0
sub_1d2c985d2a2a,cus_bb362bd6d576,2025-11-13,,active,12.0
sub_d9f7c0a9f72a,cus_95c7bbb36792,2025-03-20,,active,15.0
sub_6e3a4886f309,cus_912b40c93373,2025-07-31,,active,12.0
sub_51914c519b05,cus_2edf70f80c89,2025-12-16,,active,12.0
sub_e93e5b32ba5f,cus_0489ec797ead,2025-12-17,,active,45.0
sub_9405d126fdb8,cus_334f468f71f3,2026-02-13,,active,12.0
sub_84dbe8fc3742,cus_2659fb366458,2025-11-22,,active,15.0
sub_47b5487a0b26,cus_728cf5f87dbd,2025-05-11,2025-11-04,canceled,12.0
sub_16822bc37f7a,cus_23f6dbe74d57,2026-02-12,,active,45.0
sub_f25563f5e795,cus_94420f52728c,2025-07-29,,active,12.0
sub_34d4e7c252f9,cus_745b04214d82,2026-02-13,2027-03-21,canceled,60.0
sub_bc84a18f87aa,cus_b4247d2f8601,2025-11-17,2026-01-12,canceled,15.0
sub_59a6628184f6,cus_aa836e207da5,2026-01-26,,active,12.0
sub_2f00b998d53f,cus_198c6a59ecd3,2025-11-17,2026-06-08,canceled,12.0
sub_fcaec19913fc,cus_49dd6da23754,2025-12-09,,active,15.0
sub_6f43b7ce18a4,cus_526256e0dff7,2025-10-28,2025-11-21,canceled,15.0
sub_1a1f1f092858,cus_63fc14349987,2025-09-29,,active,45.0
sub_abb50e99b5a9,cus_1d2ba87ffa38,2025-10-23,,active,15.0
sub_50229e8a8eea,cus_ed6579cc3a99,2025-11-04,,active,15.0
sub_0cc160f6f522,cus_489ef01a13cd,2025-10-08,,active,12.0
sub_47a60861b591,cus_a2d89c726bc7,2025-11-17,,active,20.0
sub_abb4d42b6717,cus_848b041bcb5a,2025-09-15,,active,15.0
sub_986d5c288d3b,cus_d7f85d8e6951,2026-02-07,2026-02-19,canceled,90.0
sub_f4113cd5daf1,cus_55afbfb4cadf,2026-02-10,,active,20.0
sub_c59a890cf736,cus_5615b52af1c3,2025-12-11,,active,12.0
sub_1716507fecc2,cus_f864e313a393,2025-10-08,2026-01-04,canceled,60.0
sub_80aede078d17,cus_ee10a5b61372,2024-01-20,,active,15.0
sub_88407e4582e7,cus_8e2e5a48043b,2025-11-17,,active,12.0
sub_8da6b0c88020,cus_f655bc7adf30,2025-10-12,2025-12-25,canceled,12.0
sub_0cbcb142167d,cus_d7f4b4af5564,2023-10-15,,active,12.0
sub_ee681b8fd4ef,cus_4bd9cbc924d7,2026-01-25,,active,12.0
sub_df5a2661ec4d,cus_200c9879b8ab,2025-10-26,,active,12.0
sub_a6ec63019fc8,cus_d6c96fc649a6,2025-07-31,,active,12.0
sub_74bc563d1fd3,cus_4d529c35b731,2026-01-02,,active,90.0
sub_2595c9f88ca9,cus_bae84e0b7e50,2026-01-12,,active,15.0
sub_b4d59b5839a1,cus_5031750405b5,2025-02-18,2025-03-13,canceled,15.0
sub_9e4f1e799ab0,cus_dfe484e1b547,2025-12-07,,active,12.0
sub_7cf0bb3e20ec,cus_ecff0e3b8177,2024-10-17,,active,12.0
sub_5894b5d59cab,cus_5782cdb3df15,2025-12-30,,active,15.0
sub_a6be0701ee6e,cus_09c88f5b4564,2026-02-03,2026-06-03,canceled,20.0
sub_a7f692db1750,cus_09b7e2900690,2025-12-06,2026-12-25,canceled,15.0
sub_30e0c4e636bb,cus_10c78f025d53,2025-11-25,,active,15.0
sub_65291b790ea3,cus_ef05b2446529,2025-08-23,,active,15.0
sub_ca868f294eb9,cus_27153ae0719b,2025-11-14,2026-03-18,canceled,15.0
sub_866146d3d252,cus_3f30488cda9f,2025-10-04,2025-12-12,canceled,12.0
sub_102fc2f963f6,cus_fc0ecf4ce0d0,2026-02-01,,active,15.0
sub_694d622f577e,cus_7062ba2da8da,2026-02-04,,active,15.0
sub_046b02cccfe6,cus_1937bb063e23,2025-11-03,,active,15.0
sub_d0f411c6ff3e,cus_556c460bdde7,2025-10-04,2025-11-25,canceled,12.0
sub_2df71195f6c4,cus_2dc2f93e5d64,2026-01-23,,active,20.0
sub_9bd55645d566,cus_79cc85eefcb7,2026-01-24,,active,20.0
sub_43db0cd645d7,cus_a6b3d02e1fc1,2025-08-29,,active,12.0
sub_e77e2835fbf0,cus_189d19b6f067,2025-08-01,,active,12.0
sub_370d3b8f3760,cus_a43d5bd165a3,2025-11-27,,active,15.0
sub_e6f89e2a7856,cus_d955385fb4e8,2025-12-19,2026-02-18,canceled,15.0
sub_6b59c9def9c3,cus_c67f2a6838c8,2025-10-18,,active,12.0
sub_a20453beecf8,cus_6af6141803af,2025-11-27,,active,45.0
sub_03fea7c9d3e6,cus_9dfa866f0403,2025-09-17,,active,12.0
sub_abaa8407db99,cus_2d009b2e317b,2026-01-30,,active,90.0
sub_8f9b868193b1,cus_01d338744dc0,2025-05-15,,active,20.0
sub_d7007a4017e6,cus_849acae7be59,2025-11-23,,active,20.0
sub_4dbfb8ae9c26,cus_9c446a5a5db0,2026-01-26,,active,15.0
sub_b3824c623c7d,cus_b3948a44b985,2026-02-04,,active,12.0
sub_46f983c87e86,cus_bf739ee51f2b,2025-11-08,2026-01-06,canceled,20.0
sub_70663424654f,cus_6b04cb470571,2025-11-17,,active,15.0
sub_9c54b4b79d6b,cus_3aed5f67fa09,2025-11-20,,active,15.0
sub_b6f2b20ee194,cus_5729da8671a8,2025-12-26,,active,12.0
sub_639aa9ee2697,cus_617b0d3edd8b,2025-07-01,,active,45.0
sub_a8a08c358957,cus_e52b8e788521,2026-01-17,2026-05-06,canceled,15.0
sub_001eeb5484fe,cus_4b7ffd4966c4,2025-02-13,,active,12.0
sub_d2023e4cf5bb,cus_9fb75184ac1c,2026-01-20,,active,15.0
sub_49e94ab1a722,cus_42eb50c765f6,2026-02-08,,active,60.0
sub_0b0089abd41c,cus_614c0a6d763e,2025-11-11,,active,45.0
sub_f7010771dc85,cus_c06ada100e99,2025-12-07,,active,15.0
sub_0434114cd4b8,cus_40c74fe15099,2025-11-20,,active,60.0
sub_fa3c828c8226,cus_0470d882c108,2026-01-31,,active,15.0
sub_a52443e57c2c,cus_91119201a894,2025-07-29,,active,15.0
sub_246b96cae76f,cus_e9fb36d603db,2025-11-21,,active,12.0
sub_b12caddb62a7,cus_572087204416,2026-01-28,,active,15.0
sub_0fef3587fa09,cus_affa0d4c383d,2026-01-24,,active,12.0
sub_8c10beaa85a3,cus_a153bae368a0,2026-01-08,,active,90.0
sub_41eb5790bd6a,cus_a2ea8f1b101e,2025-11-10,2025-12-26,canceled,12.0
sub_a4d435d514b9,cus_401b7ce69b8b,2025-11-28,,active,12.0
sub_4019d0456c4e,cus_3e4d71f3830c,2025-12-13,,active,20.0
sub_8d1a5ceb86a5,cus_4dcf8875e37f,2026-01-30,,active,45.0
sub_69b4903fa167,cus_ba284d88ca2f,2025-05-03,,active,12.0
sub_ebb0ff8a5de6,cus_afcaefb316d1,2024-07-05,2024-08-20,canceled,12.0
sub_75274df80cf1,cus_02688c135669,2025-11-16,,active,12.0
sub_f3b4e9f58e86,cus_9fd223eaedc6,2025-09-25,,active,12.0
sub_f6684923f62f,cus_47eb824f9d44,2025-06-23,,active,20.0
sub_7f2cbd0f71d7,cus_2b331bc9b187,2026-01-29,,active,45.0
sub_a9fd1a40b3b8,cus_ec4df8823a5d,2026-01-04,,active,12.0
sub_efd4e8740d98,cus_54ee21c5ada3,2025-10-04,,active,12.0
sub_908907743e5c,cus_3943e74247bb,2026-01-09,,active,12.0
sub_0031752df1b7,cus_0320ec86da58,2025-09-27,,active,15.0
sub_0a375dbdef4b,cus_d3c64905605d,2025-09-05,,active,12.0
sub_e790558fcc62,cus_99a91f9a75ed,2026-02-13,,active,12.0
sub_d787985f8c54,cus_612a32ff78b2,2026-01-02,,active,15.0
sub_dd25ed0d3838,cus_bb1042e72742,2025-12-26,,active,12.0
sub_118b827b0db4,cus_1b41a5fefd04,2025-11-29,,active,15.0
sub_66963314305c,cus_c5d26cfa3d9a,2026-02-06,,active,20.0
sub_d8060c438320,cus_44612b43d862,2025-09-22,2026-01-29,canceled,12.0
sub_9defe4d9368c,cus_5eb818258668,2026-02-09,,active,20.0
sub_093cce3a4bbb,cus_38a928443d31,2026-01-10,,active,20.0
sub_e0ef5ad25c90,cus_5e9b7db0a57a,2026-01-27,,active,15.0
sub_b4434b255f5d,cus_e5f34faa627f,2025-09-22,2026-01-13,canceled,12.0
sub_b51fbeaa2025,cus_da226c5a5f9f,2025-11-14,,active,90.0
sub_9e65c7aea3b2,cus_9c94b44912a1,2026-01-20,,active,45.0
sub_a01d0c249e1d,cus_30717527ef5c,2026-01-24,2026-02-14,canceled,45.0
sub_8390fef7a997,cus_9d53cb25a4e2,2025-11-30,,active,60.0
sub_7bd7f6146c08,cus_dceda4ca9764,2025-11-30,,active,45.0
sub_0cb2db3e87b5,cus_59128c446a67,2026-01-28,,active,15.0
sub_e445e2b55b64,cus_86b3a6eebf75,2026-01-10,,active,12.0
sub_721f45eba8f7,cus_b2adbba3d781,2025-03-26,2025-05-01,canceled,60.0
sub_3815ab183a3c,cus_842ffbf39de7,2025-09-19,,active,15.0
sub_93251216ccc8,cus_7294ac802b69,2026-01-14,,active,15.0
sub_90de74d483a3,cus_64fac492d8fe,2026-01-16,,active,12.0
sub_15b6d66953b9,cus_e8d24c5830c0,2025-08-27,,active,15.0
sub_468e7d34344d,cus_ba5b5b7c431b,2025-12-13,,active,60.0
sub_c3fd01dc28eb,cus_8574c39d6a0e,2026-01-23,,active,12.0
sub_b6a8ea5acd5b,cus_182f81c654f7,2026-01-31,,active,60.0
sub_b4abb58a81a0,cus_c3ab6c9a52a3,2024-07-25,2024-08-19,canceled,20.0
sub_c00fb2762ca0,cus_b79390fcb177,2026-02-14,2026-06-11,canceled,15.0
sub_1f4214ff5ab4,cus_763564d16dc2,2025-10-12,2025-11-07,canceled,15.0
sub_444a1b82c17c,cus_c1953232af5f,2025-09-10,,active,15.0
sub_6221edc117f8,cus_fe1ee88620eb,2025-12-18,,active,60.0
sub_1be06fa7b997,cus_6ad7f79f10b5,2025-08-16,,active,15.0
sub_144684f48ec3,cus_d61c2fc57728,2025-11-03,2025-11-18,canceled,45.0
sub_1ebb3d4c3eea,cus_f6bc7f1090a3,2025-10-14,,active,12.0
sub_a7df2096ba2e,cus_c31dc1d28239,2026-01-10,,active,15.0
sub_8f533c4dea5a,cus_870cd246faa0,2025-12-23,,active,15.0
sub_7a238d523001,cus_3a20db5c30e6,2025-10-25,,active,12.0
sub_f9a8f7a02b19,cus_dc206f37aeb8,2025-10-22,,active,15.0
sub_1a949bdc324a,cus_51bc0070ad8c,2025-09-23,,active,12.0
sub_cb81c0905fb3,cus_7f3da2223949,2025-04-30,2025-07-27,canceled,15.0
sub_4527b2d38f74,cus_d21a411f4ba9,2026-02-12,,active,20.0
sub_0403aa3f203c,cus_8de5f2033439,2025-11-30,,active,15.0
sub_23b7b2e60b3c,cus_bb5de6ce4c8d,2026-01-29,,active,15.0
sub_5e772474da05,cus_0cd280b2dc8e,2026-02-04,,active,15.0
sub_f86ae2826ab4,cus_0d878914c8fc,2025-12-11,,active,60.0
sub_089251153203,cus_dc8b702dd86b,2025-11-06,2025-12-30,canceled,15.0
sub_070a1a018f39,cus_454281cbf0e2,2026-02-11,,active,20.0
sub_8f26888a0d7d,cus_560001d40e41,2025-11-10,,active,15.0
sub_1787c3bf3593,cus_e370f4eb5c94,2025-12-07,,active,15.0
sub_1a4b2533bace,cus_814d72da45f5,2026-01-29,2027-04-11,canceled,15.0
sub_60407be0a582,cus_2e89dbe0ac63,2025-04-30,,active,15.0
sub_3edf0da52a2e,cus_5ec5b7918e54,2025-12-26,,active,15.0
sub_ddff3ac8f866,cus_21d3d1c386ee,2025-11-02,,active,15.0
sub_057a28f74238,cus_3aaf72b146fb,2026-02-06,,active,12.0
sub_7e53cd15b959,cus_5b80860efc26,2025-04-20,,active,15.0
sub_165b75530ec2,cus_bf6ec2065a99,2025-10-05,,active,45.0
sub_19fc50cac607,cus_a8723d9a6cb0,2025-02-22,2025-04-02,canceled,45.0
sub_bb8ea5ed7535,cus_dbf4681696ae,2026-02-13,,active,45.0
sub_5e46f2f58dea,cus_db88304665b7,2025-05-02,,active,12.0
sub_a0998ef3f98a,cus_66d5924fe4ec,2025-08-24,2025-09-14,canceled,15.0
sub_54cf25e80339,cus_58e3723c02f9,2025-10-24,,active,20.0
sub_5bc7c1901acb,cus_cb5f928d643a,2025-06-21,,active,12.0
sub_8f550c972183,cus_3f6b9af55b09,2025-11-17,,active,12.0
sub_5c086dc3ce30,cus_2fc51f3466ee,2025-10-02,,active,12.0
sub_b7c4bedd7d78,cus_c592de795284,2025-09-05,,active,15.0
sub_7ad5a2966c10,cus_a10bbe350210,2026-01-25,,active,15.0
sub_eab3027fce51,cus_f6bcdc2db110,2025-10-28,,active,20.0
sub_8db65b030415,cus_30d3cbda0246,2025-12-28,,active,12.0
sub_77db5be8dc55,cus_85d57bca2df4,2026-02-05,,active,45.0
sub_3c101b1b05b9,cus_ca0b48a6b122,2025-02-07,,active,12.0
sub_1ccf8bc4e49b,cus_a2c0de360364,2025-12-07,,active,90.0
sub_59d0f6edb783,cus_d984da170b73,2025-08-09,,active,60.0
sub_cd72ec42c110,cus_d6f08a88efa3,2025-07-28,,active,15.0
sub_4b602af3a715,cus_51ba2c1726aa,2025-09-18,,active,45.0
sub_e0d72875e03c,cus_c4041c53ac03,2025-10-19,,active,45.0
sub_342969455dd1,cus_9f9bb08cbf8f,2026-01-31,,active,45.0
sub_ba6a1687259d,cus_c43e8f3a1769,2026-01-27,,active,20.0
sub_3f366263b1d0,cus_a1820bdacf3d,2025-11-17,,active,45.0
sub_cc6c2a412a59,cus_09aba8426efa,2026-01-05,,active,15.0
sub_5cf0877d2ac5,cus_2d3b07b84801,2025-10-28,,active,60.0
sub_48484e3073a2,cus_a3907ff49251,2025-09-14,,active,15.0
sub_ae219509863a,cus_8dbcee3c0cf5,2026-02-12,,active,15.0
sub_debe84a7cf09,cus_6ecb2f7b9759,2025-11-09,2026-01-25,canceled,45.0
sub_3944a759a1cf,cus_dd8ad1f834dd,2025-05-24,,active,15.0
sub_d2be66396a67,cus_c33d18a2b392,2025-09-18,2026-04-07,canceled,12.0
sub_a435b46a1772,cus_dda13afd7235,2024-11-18,,active,15.0
sub_58f94b2796ff,cus_c6665c3a511e,2026-01-29,,active,15.0
sub_e1ab524c7f61,cus_49d2825ac970,2024-11-22,,active,20.0
sub_34ca8ea84e10,cus_10dfcfadf0ad,2025-09-25,,active,60.0
sub_257ae7746a89,cus_052fb4543458,2025-05-04,2026-05-02,canceled,12.0
sub_b60fbf63f9dd,cus_d36ab057c80e,2025-09-11,,active,12.0
sub_f5f7d263a7c9,cus_b1fe4fd24493,2025-11-27,,active,15.0
sub_5a91a82eb629,cus_b75714ac424e,2025-05-10,,active,12.0
sub_0db61043821a,cus_bc29d7342b7a,2025-10-20,,active,20.0
sub_47c6d857385f,cus_9a1ff13f3540,2026-01-27,2026-04-15,canceled,12.0
sub_d992bdd3fb72,cus_64e5f3c7b0f0,2026-01-04,,active,90.0
sub_7100c0d81561,cus_20cce205346a,2025-05-19,2025-06-03,canceled,15.0
sub_984c3a1c1178,cus_24dd3db3048d,2025-12-17,,active,12.0
sub_82a0d981e0a3,cus_6009445844aa,2025-04-16,,active,12.0
sub_3813e5013441,cus_38de80de7015,2025-05-27,,active,12.0
sub_ba2fc1e7eb16,cus_23c8c6acfad4,2026-01-01,,active,12.0
sub_9763272bb3dd,cus_45b5fc88d6a8,2025-09-04,,active,60.0
sub_1a1ea4eeceb1,cus_12264b8add52,2025-03-26,2026-04-28,canceled,15.0
sub_b27fb4ebdfeb,cus_374f0fb08ce6,2025-12-09,,active,20.0
sub_3f9184f9c247,cus_749e394f7042,2025-12-20,,active,20.0
sub_85dc60b6e97c,cus_494f32f72059,2025-12-10,,active,15.0
sub_2dfcac7a1077,cus_69d0a0d1fca4,2026-01-25,,active,20.0
sub_71755c25ad6c,cus_f64753ce50f3,2025-11-18,,active,15.0
sub_3d252cd1cd91,cus_97cddee2169e,2026-01-16,,active,45.0
sub_0a594cd7d451,cus_024e09adc6a9,2025-09-15,,active,15.0
sub_507244925acd,cus_87229b4def2b,2025-11-22,,active,45.0
sub_8938e4da1683,cus_105d1830d885,2025-07-25,,active,12.0
sub_259394c48fde,cus_e40fb41be461,2025-07-18,,active,12.0
sub_302112efac56,cus_7944f49ec896,2025-09-04,,active,15.0
sub_b7ead57e586f,cus_64cbca663b2f,2025-02-10,,active,12.0
sub_55fae23a4b3b,cus_79300db41eac,2025-12-31,,active,15.0
sub_f604275f1bd5,cus_d95e689a2173,2025-11-30,,active,15.0
sub_40b6f7220daf,cus_e12352d90c64,2025-06-18,2026-01-28,canceled,12.0
sub_5830d02273b0,cus_b2d096a4084d,2025-12-31,2026-05-05,canceled,15.0
sub_8abb606c527f,cus_570992030b1f,2025-12-08,,active,12.0
sub_511481ce58e7,cus_eedd3f8f2c77,2025-05-15,,active,15.0
sub_5ad9ff90bd96,cus_22254dbedf9f,2025-10-13,2025-11-22,canceled,90.0
sub_81785b8d96c9,cus_7877060cbcc6,2025-11-27,2025-12-21,canceled,12.0
sub_c5d1ac484f48,cus_4eac4d1320e5,2025-12-19,,active,15.0
sub_4d263eb81774,cus_32641491a3b7,2025-12-03,2026-02-05,canceled,12.0
sub_905804513d40,cus_d978e8b40158,2025-11-14,,active,12.0
sub_f041fd433d92,cus_5505b0ce7cc4,2025-12-10,,active,12.0
sub_b14a8503d727,cus_136ad5a060ef,2025-07-09,2025-12-25,canceled,20.0
sub_9e630291e165,cus_d78f31f48ab8,2025-12-28,,active,12.0
sub_71115122fe2a,cus_0e37c5febe8a,2025-02-19,,active,15.0
sub_96f4c1edbbe6,cus_127995d514c2,2024-08-02,,active,20.0
sub_7b8cd516796a,cus_8363e4ccf91e,2025-02-02,2025-04-04,canceled,20.0
sub_4f6a912a9e01,cus_f482a01ce3e2,2025-01-17,,active,45.0
sub_28c658945172,cus_8aeb921b57a3,2025-09-30,,active,60.0
sub_b7a76919109c,cus_f8ebb0f11abf,2024-11-14,2024-12-20,canceled,60.0
sub_430cbf8a7b4d,cus_b19bd1b56b2a,2026-02-11,,active,15.0
sub_2716dadb82cc,cus_27ac0eb4fd39,2025-11-24,,active,15.0
sub_6192486eaf20,cus_25ce884b3561,2025-10-26,,active,12.0
sub_841187e30c77,cus_f8f5d45d023e,2025-07-07,2026-01-21,canceled,15.0
sub_6a56b8ca5f4d,cus_2e49fb005b4a,2025-09-23,,active,12.0
sub_eee9efff12f1,cus_851c33b36064,2025-09-22,,active,45.0
sub_e7d97bca703e,cus_2a182913de4a,2024-11-14,,active,60.0
sub_d65f7a3ba390,cus_f6367bbbf427,2025-09-19,2026-01-10,canceled,60.0
sub_24394095ec1d,cus_3ca86ca84c24,2025-04-18,,active,15.0
sub_a6db0cbb9f36,cus_0046b318a010,2025-11-18,,active,12.0
sub_dbd5b0ad6a6b,cus_1fb252cdc779,2026-02-15,2026-03-06,canceled,20.0
sub_ca564253e0fc,cus_a81e498046a8,2025-11-28,,active,90.0
sub_44197bd9c94c,cus_e9344264b172,2026-02-14,,active,12.0
sub_09839bb12ec4,cus_2cb24692581c,2025-10-25,,active,45.0
sub_19fd00d247c6,cus_6382beb47bc9,2026-01-07,2026-02-08,canceled,15.0
sub_078088f15ce2,cus_66808baeb4f0,2025-12-20,,active,45.0
sub_d59960ae37be,cus_1e3509fd4242,2025-10-16,,active,45.0
sub_e20ebb285b6f,cus_4e7f69dfb4cc,2025-12-13,2026-04-24,canceled,12.0
sub_e1cc807d949f,cus_cc7c92b4eadb,2025-12-08,,active,20.0
sub_e467e2f60589,cus_f7e479cca780,2026-02-15,,active,12.0
sub_db1c7ba42ae6,cus_bd8f81dde45f,2026-02-13,,active,15.0
sub_ca5ca91b0c84,cus_b687d20f67f1,2025-08-25,,active,20.0
sub_0fa2bee30fdd,cus_9e466cbee6e9,2026-01-03,,active,12.0
sub_79fe18b2ebc5,cus_6ef733c0faae,2026-02-07,2026-02-16,canceled,12.0
sub_ec7bf6571b1b,cus_47235b059b46,2026-01-30,,active,15.0
sub_455ccb5e23ac,cus_03c3987b181e,2026-01-25,,active,15.0
sub_1421a3b90a69,cus_8882784861c2,2025-12-29,,active,20.0
sub_f8f95c334264,cus_18eb8cdf5e6c,2025-12-20,,active,12.0
sub_932b0c58e7a4,cus_a045316f755d,2026-01-15,,active,15.0
sub_b7c160b88b31,cus_bda2ae50c8ad,2026-01-23,,active,15.0
sub_03013bf3801c,cus_f9e7e43e9121,2025-04-24,,active,12.0
sub_fb8984fa4ceb,cus_141f0819b530,2025-11-11,2025-12-15,canceled,15.0
sub_a6bb4c67a836,cus_13bf149ff564,2025-10-09,,active,12.0
sub_97d4e731e753,cus_3537cb42b7bd,2026-01-29,,active,12.0
sub_b4eec3e7807a,cus_dcadc3210682,2026-01-07,,active,12.0
sub_5be815b31c54,cus_41ec18ef08a7,2025-11-23,2026-01-19,canceled,15.0
sub_0cb0f275d5cf,cus_ee89a91ca5f2,2025-10-20,2026-01-07,canceled,15.0
sub_97c2a3ce4f3d,cus_baff63940799,2025-01-23,2025-03-07,canceled,12.0
sub_8e8a838ba7ff,cus_502d6afa3bb8,2025-07-23,2025-08-24,canceled,12.0
sub_783ff40e28e7,cus_8345e37250aa,2025-09-14,,active,12.0
sub_fc6ec0eb9fe3,cus_f2f92820af8e,2026-01-08,,active,12.0
sub_1ac3839fae5c,cus_480280eb25c1,2025-09-07,,active,15.0
sub_c0681c56038b,cus_792542c7ab06,2025-11-05,,active,15.0
sub_5080432e8c47,cus_8f66cb479b00,2025-09-23,,active,12.0
sub_c73c2b0f1816,cus_2aea96402769,2026-02-10,,active,15.0
sub_45353af651af,cus_55a9ee43820c,2025-12-01,,active,60.0
sub_456358985f27,cus_def37dc7d609,2026-01-26,,active,12.0
sub_a6ede080b3ec,cus_a712799917a1,2025-04-04,,active,12.0
sub_054e9e5a1120,cus_80ecb7a1b21a,2025-05-06,,active,12.0
sub_58efacd34f8b,cus_b38b6f7a02e1,2024-07-20,,active,15.0
sub_6e27ec9d3426,cus_c28fa138885b,2026-01-04,,active,15.0
sub_bcfa866e6e27,cus_416a356c73bb,2025-06-19,2025-10-04,canceled,12.0
sub_ec6409e38acf,cus_0c9a0dfec821,2025-09-10,,active,15.0
sub_c31149d3bd1e,cus_0adddbcdbd79,2026-02-11,,active,15.0
sub_a6b45e1a2c31,cus_cf394f63bce2,2025-10-05,,active,45.0
sub_0b253399fd9f,cus_f4ecc154cee6,2025-09-14,,active,12.0
sub_a4243311be29,cus_bf9e1cbf834f,2025-11-23,,active,15.0
sub_73426e356e6b,cus_6dd585b18a9f,2025-09-10,,active,12.0
sub_94dd3d68ce56,cus_4caaf1641b30,2026-01-06,,active,60.0
sub_22572dd2a563,cus_386a784571aa,2025-09-04,2025-11-27,canceled,12.0
sub_49f7caee6b44,cus_53f2579b49a8,2026-02-15,,active,12.0
sub_d845eab36736,cus_0f0a92cb1a97,2025-10-10,,active,45.0
sub_5dc25a47dc57,cus_e40af13d805f,2026-01-05,,active,15.0
sub_ae43e7110962,cus_d73dc1125c5f,2025-09-09,,active,15.0
sub_f1c9ef764f32,cus_de7589d97820,2024-09-29,,active,15.0
sub_e04e1cbee081,cus_da5a60a56a04,2026-01-30,,active,12.0
sub_908749abde91,cus_d72b6fc3ab6e,2026-02-13,,active,15.0
sub_e03a32416fa0,cus_d31b843ff2b6,2025-11-09,2026-03-28,canceled,12.0
sub_a1ca6251d1c5,cus_391b6d12e7ab,2025-12-16,,active,20.0
sub_f14add69372d,cus_2db522092705,2026-02-08,,active,15.0
sub_d6e1f74df06a,cus_6fdc61014c53,2024-06-23,,active,60.0
sub_d489c0f74d19,cus_35dccc501493,2025-08-15,,active,15.0
sub_aba7b9ee6ab4,cus_63fde6b2e83c,2026-01-24,,active,45.0
sub_592394715d83,cus_80d9d8f4f80a,2026-01-06,,active,20.0
sub_d9fa3dfd85bf,cus_09ee9b3c49f4,2025-03-30,,active,12.0
sub_f172213cce76,cus_b015c8d3c746,2025-12-18,,active,12.0
sub_0eb72c4e295c,cus_270e1f0e7aec,2025-10-31,,active,45.0
sub_d7bb22a4299e,cus_bc5da089092b,2025-11-10,,active,15.0
sub_c34c46093428,cus_5a427e89d5c4,2026-01-23,,active,20.0
sub_74dc6b030784,cus_3f278308005c,2026-02-04,,active,12.0
sub_989718d0a73f,cus_2d8073af2dc3,2026-01-26,2026-04-11,canceled,60.0
sub_b81d3a783df5,cus_9cdca8cee1bb,2025-09-29,2026-07-31,canceled,12.0
sub_1ff69ec4606c,cus_4e1dbe5bd875,2025-12-20,,active,45.0
sub_d0889b1c9dc9,cus_fe2228fd3cae,2025-12-21,,active,60.0
sub_04c786bbbf1f,cus_b9da0b4abec5,2026-01-24,2026-07-09,canceled,15.0
sub_b6ed0f6341a4,cus_d40a348b565c,2025-09-24,,active,60.0
sub_b859a7f092c1,cus_a8018dfb654b,2026-01-21,,active,15.0
sub_4b721cc0ccc4,cus_240a31c277f7,2026-02-15,,active,90.0
sub_1799c1550d2a,cus_7fe73a364563,2025-10-27,2026-04-18,canceled,15.0
sub_c095ef048dfa,cus_f579e7ef6f84,2025-09-05,,active,15.0
sub_1bcc3dccc332,cus_f5cf9517d4e9,2025-09-11,,active,20.0
sub_60f977e0f452,cus_c15bf5ebf535,2025-12-21,2026-01-15,canceled,12.0
sub_b129b3de53b5,cus_7584ddd70396,2026-02-01,,active,45.0
sub_38b6f781b210,cus_b7da93d4c359,2025-10-05,,active,12.0
sub_621de568b0d1,cus_0364111f90c4,2025-11-19,,active,12.0
sub_145b5d2fdc47,cus_b36e303cf5df,2026-01-22,,active,15.0
sub_01eaf38d5408,cus_734764c202e6,2026-01-07,,active,20.0
sub_9bca10c22fe0,cus_cf12d732dab3,2026-01-13,,active,20.0
sub_2d6f6ebdec97,cus_bb6273b6e271,2024-12-02,,active,15.0
sub_d11fdeeb7dca,cus_a9b183316381,2026-02-05,2026-11-27,canceled,15.0
sub_77b6730587d7,cus_4a9e97fc49f8,2026-02-09,,active,12.0
sub_20dd5d36e17c,cus_831b3cd23c98,2025-10-30,,active,90.0
sub_f03ea52e6cb3,cus_f2af62aeae3c,2025-12-18,,active,45.0
sub_a4c5aafb6514,cus_e4f4d4091fcf,2025-12-29,,active,20.0
sub_801192df192a,cus_0e1b1174cb83,2025-11-09,,active,60.0
sub_5b2e26002a6b,cus_1a1081fbf7f1,2024-11-02,2024-11-27,canceled,12.0
sub_c1fad689bc6f,cus_2bf7b4d20173,2025-12-09,,active,15.0
sub_9c5773d2da17,cus_0da2e90efceb,2025-11-22,,active,45.0
sub_ebabe0187143,cus_1c74ee379393,2025-11-01,,active,15.0
sub_dfffa467c070,cus_a4ee30106262,2026-02-04,,active,20.0
sub_7ee7e70d2930,cus_6b95cefd9a0d,2026-02-10,,active,20.0
sub_dc9ee8eabd0b,cus_324eadfa076e,2025-12-15,,active,12.0
sub_04b63149aa5f,cus_ef9db5534e51,2025-07-05,,active,12.0
sub_67aad1389801,cus_f367b5b582f3,2025-05-29,2025-12-24,canceled,15.0
sub_d63f08513e0e,cus_37050cdbf6bf,2026-01-31,,active,12.0
sub_d6f21d3a099f,cus_bf75cba871fe,2026-02-08,2026-06-09,canceled,20.0
sub_fa11687d315c,cus_c2dce6f5fbc5,2025-03-12,,active,12.0
sub_3b1258dd098e,cus_bf91abc4d3bb,2025-10-23,,active,15.0
sub_5b1c413bb3f1,cus_5679aed34ad1,2025-10-19,,active,12.0
sub_3dbc4b06e2d1,cus_ab178670baef,2025-11-29,,active,45.0
sub_a3867596f8cc,cus_d88c948858e1,2025-12-26,,active,15.0
sub_4df49b51f1dc,cus_58a3f6588cf5,2025-07-10,,active,60.0
sub_cfb64aa6d956,cus_3c86354f9d44,2026-01-08,,active,15.0
sub_46c64d3d5a56,cus_570c9ce9fa74,2026-02-15,,active,45.0
sub_a48f4e379113,cus_0a1441d0b2ef,2025-09-27,,active,15.0
sub_9be04d0987a1,cus_b18899cfc9db,2025-10-03,,active,12.0
sub_fd932eb059ae,cus_fa5c13fafcd6,2026-02-15,,active,20.0
sub_55993e34a282,cus_71c0b2ab5a11,2026-01-25,2026-02-25,canceled,45.0
sub_4f72b48c8309,cus_72e2553c5f82,2025-12-21,,active,15.0
sub_2b9402dc2e65,cus_58d2693e5a25,2025-11-25,,active,60.0
sub_9bbe5fa5bf2a,cus_1f5800180b8e,2025-01-20,2025-01-27,canceled,12.0
sub_451950bc725a,cus_5a1490a9b538,2025-10-23,,active,12.0
sub_327ee0424f28,cus_05d0a60825ef,2025-12-03,,active,15.0
sub_3be2bd520edf,cus_ecbde793685b,2026-01-07,,active,15.0
sub_7db50346d443,cus_1fe3434ff7d5,2025-09-21,2025-09-29,canceled,15.0
sub_a7253f922426,cus_7a158b123dc3,2025-11-22,,active,15.0
sub_d2e9f5a9978f,cus_d4bb46a9635b,2026-01-12,,active,12.0
sub_78553260f064,cus_6a82b17a470f,2025-08-21,2025-08-29,canceled,12.0
sub_f15ed9fad03b,cus_e677f744575b,2025-12-19,,active,45.0
sub_a76289f7c8b9,cus_d6f61df24c8a,2025-10-01,2025-10-23,canceled,12.0
sub_a1aa2252c8d3,cus_3d34abffd709,2025-06-18,,active,15.0
sub_92140d03dc4b,cus_12a73c42ba86,2025-11-07,,active,15.0
sub_0bc57fd3b36f,cus_5d9cbde2f37e,2025-09-25,,active,15.0
sub_bcc4095ffe3f,cus_d180f301b6b8,2025-12-16,2026-02-27,canceled,12.0
sub_14b3623aa56c,cus_f506d43a9cff,2025-11-25,,active,12.0
sub_f467fc095d02,cus_bc965ab0563c,2025-05-30,,active,20.0
sub_391ce7a5508b,cus_1acf23d1d6c1,2026-02-09,,active,12.0
sub_0452e68160b3,cus_fca296e8f101,2026-01-25,,active,15.0
sub_7a10069474c8,cus_342b015f1c94,2026-02-07,,active,15.0
sub_82b0a10e90e1,cus_558ef4bdc246,2025-08-10,2025-12-06,canceled,12.0
sub_c9ebcb4401cb,cus_61ad7e678582,2025-10-18,,active,15.0
sub_7496be440772,cus_62d5ce308c4c,2025-10-22,,active,45.0
sub_bdcf8ecc2d56,cus_3bada951f87a,2025-12-28,,active,15.0
sub_5db71cb618fc,cus_0cc06ddd25b6,2025-04-24,,active,12.0
sub_ceccd38613a4,cus_988afd7caa1d,2026-01-02,,active,45.0
sub_ba158fd3e8ae,cus_98c47ea20b60,2026-02-14,2026-03-04,canceled,15.0
sub_5ac99fa38050,cus_5e0ce0fdbda2,2026-01-27,,active,15.0
sub_a99a55645950,cus_e04bc126bb59,2025-11-11,,active,12.0
sub_4e76a5ce3eb8,cus_dab1c8f12a3c,2025-08-05,,active,12.0
sub_cbce405e4ca3,cus_de52afbaac42,2025-08-15,,active,45.0
sub_4fc932912fce,cus_0d71b7267e05,2025-08-28,,active,12.0
sub_5b3d995496e2,cus_099cd561e2d7,2026-02-12,,active,12.0
sub_d95b3c8ee7e1,cus_98593c264178,2026-01-11,,active,20.0
sub_7296e5141ce1,cus_5891344914b1,2026-02-12,,active,15.0
sub_345144a4ba1c,cus_986a39f48d90,2025-11-22,,active,15.0
sub_29ceb0036144,cus_574a3a43c7ae,2026-01-18,,active,12.0
sub_d62b8a4b6a02,cus_9935e9d0b175,2025-12-12,2026-03-21,canceled,15.0
sub_99294f91248d,cus_163c45e581ac,2026-02-01,,active,15.0
sub_2f5023df9b71,cus_0522494098c0,2025-06-29,2025-07-12,canceled,12.0
sub_1993d0f8140b,cus_3c06d24a0fff,2024-09-23,,active,15.0
sub_95adc3747d59,cus_139f9e16cf79,2025-10-27,2025-11-15,canceled,12.0
sub_a697fbb10b33,cus_606e632c2d8a,2025-09-22,,active,45.0
sub_ba81ddae0ab9,cus_3411863d4179,2026-02-03,,active,45.0
sub_ab5fbb10beaa,cus_eb0d6d47f8f5,2026-01-30,2026-04-09,canceled,15.0
sub_2e33083fdb25,cus_542e93309858,2025-08-10,,active,15.0
sub_66be55fe6bb8,cus_e90f3fd40fdb,2025-04-07,,active,45.0
sub_b942b1cb3dfb,cus_8e23c5ea0290,2025-09-15,,active,20.0
sub_65204c768e68,cus_57b6700f4d14,2025-10-18,2026-01-26,canceled,15.0
sub_fb8fa5de0c1e,cus_a6aad4593636,2026-01-21,2026-02-04,canceled,20.0
sub_a4c4eaf17305,cus_898a37a1b279,2025-12-25,2026-07-21,canceled,15.0
sub_7fc039faaaca,cus_343b88ab641e,2025-09-12,,active,12.0
sub_b10c69f0083d,cus_d72989092e33,2024-07-02,,active,12.0
sub_3f6f6cb66e39,cus_66c5957b1969,2025-12-08,,active,15.0
sub_85ac4b4ffab0,cus_d0e8c77bb51e,2025-06-15,,active,12.0
sub_5191b5c5c031,cus_223c5996dd57,2026-02-05,,active,12.0
sub_5d8ffc0bc9f8,cus_a587fdd57c5c,2025-12-28,,active,15.0
sub_06eda9604964,cus_0d729bfcf437,2026-01-12,2026-01-22,canceled,15.0
sub_5e7e5e0f889e,cus_4afc91bef289,2025-12-14,,active,60.0
sub_cd0bf549c66a,cus_ba8b7d27fbec,2025-10-27,,active,15.0
sub_b84cfa8ea0c5,cus_f2921ac98ddb,2025-12-07,,active,12.0
sub_b6daa12c4cae,cus_09a4694da05a,2026-01-08,,active,20.0
sub_89e063446d05,cus_5331f08b2155,2025-10-07,2026-01-22,canceled,12.0
sub_200b339e2ecf,cus_ec7d553103d2,2025-10-29,,active,45.0
sub_0e3c6736f184,cus_037852e44d06,2026-02-08,,active,12.0
sub_d45bdb24bd8c,cus_8f4894d5cd31,2026-01-17,,active,12.0
sub_f08509cc0e78,cus_4c4713c95d37,2025-02-16,,active,15.0
sub_f6d003f5ae39,cus_a8762f42dc04,2025-09-17,,active,12.0
sub_8270d653d9cd,cus_e0238eeafb77,2026-02-14,,active,12.0
sub_2861c3d2556b,cus_53813179a7d0,2026-01-03,,active,12.0
sub_49939d3cf2e9,cus_3e6da4a7a628,2025-08-08,,active,20.0
sub_e277f82e2f56,cus_3916e327b59b,2025-08-24,,active,12.0
sub_1c024efd5dce,cus_1c4315dfea8d,2025-07-05,,active,60.0
sub_5a0828cc4f37,cus_ea60723ae605,2025-11-23,,active,15.0
sub_f0f881b1e00c,cus_fbc421282519,2025-12-07,,active,20.0
sub_2cebf0748f52,cus_a06d29a65593,2025-11-11,2025-11-24,canceled,15.0
sub_9508d42e2ded,cus_a257c2cc739e,2026-01-30,2026-05-24,canceled,12.0
sub_95c06b01b62b,cus_8a539a3ae028,2025-12-31,2026-03-24,canceled,15.0
sub_d8ed00f57136,cus_af3352a6ce6f,2025-11-10,,active,12.0
sub_a08dfdca6946,cus_60e693b3699b,2025-10-06,,active,20.0
sub_7864981e49f4,cus_91626037bab0,2025-12-06,2026-02-16,canceled,45.0
sub_f5f4ef717233,cus_e3b26c5e8a8e,2025-08-17,,active,15.0
sub_ce7740efeb7e,cus_c627ec04d863,2025-12-15,,active,12.0
sub_b2825c48f13b,cus_be14a52a57b7,2026-01-16,,active,12.0
sub_24cf20773a30,cus_c8a919e43c65,2024-11-06,,active,20.0
sub_ca27d9e4de19,cus_0254322e404f,2026-01-29,,active,15.0
sub_d3944516815f,cus_3cd8fa5d3e79,2025-11-17,2026-03-25,canceled,15.0
sub_98639cc59716,cus_08daee6c324d,2026-02-05,2026-03-09,canceled,12.0
sub_325acec629fd,cus_0a6442a8efbd,2025-12-22,,active,15.0
sub_4f141edf42f3,cus_afd3ccf7c7ab,2025-08-22,2026-01-13,canceled,12.0
sub_17feb2e872ea,cus_7addbe829a9a,2025-11-27,2025-12-10,canceled,12.0
sub_4bf734ce8db0,cus_f9b08412c648,2026-01-16,2026-01-25,canceled,15.0
sub_e951c6c0cb80,cus_fdb24199331a,2026-01-31,,active,12.0
sub_f38cc33dc79e,cus_4f7491cf1968,2026-01-25,,active,45.0
sub_e2b2c6390df5,cus_8d013f87f484,2025-10-31,,active,15.0
sub_b23a9ce49bd5,cus_690f8aba340d,2025-10-06,,active,20.0
sub_e252985b9896,cus_08dc8028e904,2025-11-24,,active,12.0
sub_dfcd182e0bb7,cus_fc5e44098cb6,2024-11-17,2024-12-02,canceled,20.0
sub_2bc4586891e4,cus_66c60f382ebc,2025-06-14,,active,12.0
sub_2af49c84e380,cus_d1587ed28112,2026-01-20,,active,12.0
sub_2741d1b1eef4,cus_be45ff088a73,2025-06-28,,active,15.0
sub_f9b9042422e0,cus_e435bae769e8,2025-05-14,,active,12.0
sub_22e73408a212,cus_2522c5e10e35,2025-05-13,2025-06-20,canceled,12.0
sub_752c89ff9c6d,cus_dccd88280cb2,2025-06-25,,active,12.0
sub_0ae9a245e7d6,cus_6e9ee4663c41,2025-08-13,,active,20.0
sub_ff5ce0bf6be1,cus_9ff3c29e42bf,2025-06-24,,active,45.0
sub_7070fb221150,cus_f44e24b59b35,2024-12-25,,active,45.0
sub_8778ec6b3dc2,cus_e9a766560bad,2026-02-03,2026-04-18,canceled,15.0
sub_8cf838ababaa,cus_ab76d3970841,2026-02-05,2026-04-26,canceled,15.0
sub_30b3f54dbc5e,cus_3237788ea048,2025-09-29,,active,20.0
sub_57c9e47b7b12,cus_80a5a1ad319f,2025-12-28,,active,12.0
sub_8199e52ff4d3,cus_1dbf437918d8,2025-12-23,,active,12.0
sub_900f78ad6864,cus_4a88f5a8e7b7,2025-06-15,2025-07-13,canceled,60.0
sub_95b36911f9a0,cus_43adf669f4bd,2025-10-31,2026-07-06,canceled,12.0
sub_e527d5af74e8,cus_81c7aa55d997,2025-10-24,,active,20.0
sub_46c41d72b710,cus_e461a60998fc,2025-12-12,,active,12.0
sub_6807d4a46da9,cus_056debc1aa8c,2025-12-11,,active,15.0
sub_55c7290b7426,cus_3189408626b0,2025-12-27,,active,15.0
sub_49192249114b,cus_9285d1a5c0eb,2025-02-14,2025-09-11,canceled,15.0
sub_b11f6dcc0289,cus_733fe55ee58a,2025-03-22,,active,12.0
sub_407118a7e1ac,cus_8c1f474e97eb,2025-11-13,2026-01-25,canceled,12.0
sub_5be9c9b3f527,cus_0d20bb811dc6,2026-01-30,,active,45.0
sub_28ef0cb67d3b,cus_f7fbed543a9e,2025-03-08,,active,15.0
sub_af45d7a4bc2f,cus_07eaa4756a00,2025-04-28,,active,12.0
sub_ea4a093e330d,cus_4509cec2d704,2025-02-04,,active,12.0
sub_8aa72d4ec6c6,cus_f23105b0ffd9,2025-07-31,,active,20.0
sub_fcd3a334f228,cus_89889f4202dc,2026-02-13,,active,45.0
sub_755705e58d29,cus_a9169b820319,2025-12-05,2025-12-31,canceled,15.0
sub_687d99823990,cus_6d00c291d02e,2026-02-07,,active,12.0
sub_d777f1a739e8,cus_3a0d7224d198,2025-07-19,,active,60.0
sub_4c62d39b17b8,cus_6d1293409a75,2026-01-15,,active,90.0
sub_cf1f6b637be6,cus_9aa0409fc469,2025-10-15,,active,12.0
sub_3bb7c2334824,cus_bd7fc0ffcb15,2025-11-16,2026-07-12,canceled,12.0
sub_246ded5fd2bf,cus_a018fee06cb9,2026-01-13,,active,15.0
sub_cdded789f321,cus_d24d69394507,2025-09-30,2026-05-15,canceled,12.0
sub_948d1d6cf0b9,cus_5542c2637d1c,2026-01-18,,active,45.0
sub_c9c8ceec4b91,cus_90f04832bfd4,2025-12-14,,active,12.0
sub_8c45c69aa909,cus_401058da57d0,2025-08-27,,active,15.0
sub_705d642e7ee4,cus_ec6cce261306,2025-10-11,,active,12.0
sub_f432592b11ea,cus_c90ad3a95da5,2025-03-21,2025-04-10,canceled,12.0
sub_ea197c34e279,cus_ad071512daf1,2025-08-29,,active,12.0
sub_abd64edac94b,cus_d34c57e3e722,2026-01-07,,active,15.0
sub_5c1c65b2cd22,cus_edc406a33d34,2025-06-01,,active,12.0
sub_c69fd53cb511,cus_c7b68ef7f2fd,2025-11-09,,active,15.0
sub_2b14aa5aa9ff,cus_5a4c5c6b6370,2025-11-22,,active,12.0
sub_55dbfa4af01d,cus_4b1bf9c17701,2025-09-29,2026-01-13,canceled,45.0
sub_6e13c7df28cf,cus_9be769665f01,2026-01-19,,active,60.0
sub_b754f9cdfa08,cus_c0bc6ff4cb02,2025-09-13,,active,12.0
sub_1e17a29eaa8d,cus_e258ddde076c,2025-11-11,,active,12.0
sub_e4f6901fbd4f,cus_f500a4167b0d,2026-02-01,,active,20.0
sub_756db77017b6,cus_bc203ea259f2,2026-02-11,,active,45.0
sub_3044f832e0f3,cus_4f5b40fc9454,2025-11-28,,active,90.0
sub_dd5875a8bd98,cus_0011b13348a9,2025-12-08,,active,15.0
sub_0b7edbddb2a6,cus_30c252e2c3f1,2024-11-21,,active,45.0
sub_162672ac51f1,cus_8e2e801607d0,2025-12-03,,active,15.0
sub_833c63778c69,cus_df1632f4f69a,2025-03-21,,active,20.0
sub_2ee92e93f35f,cus_d515bb3126ca,2025-09-29,,active,45.0
sub_1cd509cad088,cus_fb3d7dc6fad0,2025-10-08,,active,60.0
sub_73920910130b,cus_0c602a30cb83,2025-08-25,,active,45.0
sub_70851a682d68,cus_40c5b88e6e77,2025-12-05,,active,15.0
sub_9f284576c5f2,cus_9c1709c10384,2025-12-31,,active,15.0
sub_2b2c24396d40,cus_5ba5fbb8d8fb,2025-05-16,2025-08-22,canceled,15.0
sub_2f8a20dc6023,cus_9bc5190b7705,2025-02-23,,active,15.0
sub_92dbfda01f21,cus_a5d24308c486,2025-11-04,,active,12.0
sub_f0302bf11b74,cus_f7814e36d05f,2025-12-23,,active,12.0
sub_e99faf39ea37,cus_9bf43706ca84,2025-09-16,,active,45.0
sub_da2f2c0e2d44,cus_cf30f13285d0,2025-07-20,,active,12.0
sub_022563bba047,cus_10b7a625124c,2025-12-01,,active,15.0
sub_aafe24fe5b82,cus_ebc91f05ca87,2025-10-06,2025-11-16,canceled,12.0
sub_6cbee44f8ae9,cus_d66d096a989b,2025-12-28,2026-01-26,canceled,15.0
sub_b53493f362d0,cus_b0668f365e9e,2025-12-09,2026-08-26,canceled,15.0
sub_a42c1d4c4f78,cus_206ca327b4a1,2025-12-09,,active,12.0
sub_aa0f22ca3826,cus_fbaf861d65ea,2025-07-19,2025-08-26,canceled,12.0
sub_cc97a6670a89,cus_14f97122a9fd,2025-12-12,,active,15.0
sub_b2b774db3c7c,cus_bacbe1412c70,2026-02-11,,active,60.0
sub_8187cb7137f6,cus_9698e9f49b78,2025-09-29,,active,15.0
sub_eb2ea2e03dbf,cus_06bb65b0a31f,2026-01-19,,active,12.0
sub_6390ac90e9db,cus_b5752e245752,2026-02-02,2026-03-18,canceled,20.0
sub_a2c165855ae2,cus_2e9bd4433160,2026-02-15,,active,90.0
sub_5a0c7f76cae0,cus_fe34fb62a67f,2025-10-16,,active,12.0
sub_bb3820bb23fd,cus_131c2da653d8,2025-10-13,2025-10-22,canceled,15.0
sub_aa528bbcc313,cus_870fe8429c6f,2026-01-06,2026-11-11,canceled,15.0
sub_1b5fe2d14347,cus_4c423982089d,2025-10-14,2025-12-02,canceled,20.0
sub_9e305f9a7bf1,cus_67ac3347980d,2025-11-08,2026-07-17,canceled,12.0
sub_2de9935c07b1,cus_364efbe689d3,2026-02-10,,active,20.0
sub_cf910ab9a013,cus_2a207b169c34,2026-02-05,,active,12.0
sub_f2a0c25d8405,cus_822886ac2abb,2025-10-31,,active,12.0
sub_666728ca11b8,cus_8d40a03f5046,2025-09-30,,active,60.0
sub_34a4de999a15,cus_47edbee63020,2025-12-06,,active,12.0
sub_a930c409f593,cus_0a865c8b88cb,2025-05-19,,active,15.0
sub_9b7fa96a3025,cus_d71fb8195f96,2025-10-02,,active,45.0
sub_0a891ffc4203,cus_49fa7c953589,2025-10-25,2026-02-21,canceled,15.0
sub_11f7ffe5ea37,cus_bb8fe6a4302a,2026-02-15,,active,15.0
sub_be4a64cd8824,cus_3094027827b8,2024-10-01,,active,20.0
sub_1bf155095439,cus_a10ef3092d6b,2025-12-25,,active,90.0
sub_104d86d4fa94,cus_78f08b041fd7,2025-09-26,2025-10-12,canceled,20.0
sub_45573e863d82,cus_6c6657a3b5f0,2026-01-13,,active,12.0
sub_fcc8dbcfa40d,cus_a198a0949e84,2026-01-02,,active,45.0
sub_eb369f5af95c,cus_6395a3ece156,2025-12-12,,active,45.0
sub_f48ee5e2a9c0,cus_20c9e36ea7c7,2026-02-05,,active,15.0
sub_b02528486aea,cus_5a4d9d51eb35,2025-10-13,,active,12.0
sub_49f4d776b807,cus_5a5ae8c384de,2026-02-14,,active,12.0
sub_45585d2b0743,cus_6a51eb69a1e8,2025-08-23,,active,20.0
sub_ee5d36db4d6c,cus_5fc7df02af3f,2025-11-08,,active,15.0
sub_3819167897ee,cus_cb9cf128067e,2025-12-16,2026-02-28,canceled,15.0
sub_7e1c77d8c9b7,cus_de45692b355f,2025-07-24,,active,20.0
sub_e4711e8511f8,cus_3db41f08ba04,2025-06-28,2025-09-08,canceled,20.0
sub_f584afb5c929,cus_1919e068e063,2026-02-02,2026-06-09,canceled,12.0
sub_5d218b85018b,cus_dc7c0684522f,2026-01-03,,active,45.0
sub_ae1ad817462a,cus_294f53970560,2025-12-14,,active,12.0
sub_bab17cad62b3,cus_c3c06b701e31,2025-11-22,,active,20.0
sub_5536fba13c8b,cus_3c73e901d8dc,2025-09-07,,active,20.0
sub_925099a2315d,cus_0f3b751d9a68,2025-11-18,,active,15.0
sub_73ec07e425b7,cus_5b30514846bb,2025-12-10,,active,60.0
sub_32d059b82cc8,cus_7ffca242faf9,2026-02-05,,active,20.0
sub_26b9c9614bf8,cus_01e3bf8ffbb4,2025-12-02,,active,15.0
sub_629190eae5c8,cus_59e826e4aaef,2025-12-12,,active,12.0
sub_88c49b1c2a12,cus_9b55b50faaf8,2026-01-25,2026-05-15,canceled,12.0
